,sort,timestamp,open,high,low,close,adjusted close,volume,dividend amount,ticker
543,271,1999-12-31,101.0,118.0,91.06,102.81,0.7848,84091200,0.0,AAPL
542,270,2000-01-31,104.87,121.5,86.5,103.75,0.7919,112099800,0.0,AAPL
541,269,2000-02-29,104.0,119.94,97.0,114.62,0.8749,65355200,0.0,AAPL
540,268,2000-03-31,118.56,150.38,114.0,135.81,1.0367,77663900,0.0,AAPL
539,267,2000-04-28,135.5,139.5,104.87,124.06,0.947,77342900,0.0,AAPL
538,266,2000-05-31,124.87,126.25,81.75,84.0,0.6412,87569200,0.0,AAPL
537,265,2000-06-30,81.75,103.94,50.31,52.38,0.7997,89106200,0.0,AAPL
536,264,2000-07-31,52.13,60.63,46.88,50.81,0.7757,102620900,0.0,AAPL
535,263,2000-08-31,50.31,61.5,44.25,60.94,0.9303,100644400,0.0,AAPL
534,262,2000-09-29,61.31,64.12,25.37,25.75,0.3931,259230900,0.0,AAPL
533,261,2000-10-31,26.69,26.75,17.5,19.56,0.2986,391174800,0.0,AAPL
532,260,2000-11-30,19.44,23.0,16.12,16.5,0.2519,151578100,0.0,AAPL
531,259,2000-12-29,17.0,17.5,13.63,14.88,0.2272,158195900,0.0,AAPL
530,258,2001-01-31,14.88,22.5,14.44,21.62,0.3301,244811800,0.0,AAPL
529,257,2001-02-28,20.69,21.94,18.0,18.25,0.2786,125424400,0.0,AAPL
528,256,2001-03-30,17.81,23.75,17.19,22.07,0.3369,192840400,0.0,AAPL
527,255,2001-04-30,22.09,27.12,18.75,25.49,0.3891,199267700,0.0,AAPL
526,254,2001-05-31,25.41,26.7,19.3,19.95,0.3046,133364900,0.0,AAPL
525,253,2001-06-29,20.13,25.1,19.35,23.25,0.3549,136397600,0.0,AAPL
524,252,2001-07-31,23.64,25.22,17.85,18.79,0.2869,154555400,0.0,AAPL
523,251,2001-08-31,19.01,19.9,17.28,18.55,0.2832,91595700,0.0,AAPL
522,250,2001-09-28,18.5,19.08,14.68,15.51,0.2368,98777200,0.0,AAPL
521,249,2001-10-31,15.49,19.42,14.83,17.56,0.2681,134718700,0.0,AAPL
520,248,2001-11-30,17.65,21.55,17.25,21.3,0.3252,95888300,0.0,AAPL
519,247,2001-12-31,21.06,24.03,20.09,21.9,0.3343,82675700,0.0,AAPL
518,246,2002-01-31,22.05,24.73,20.26,24.72,0.3774,152060300,0.0,AAPL
517,245,2002-02-28,24.96,25.98,20.94,21.7,0.3313,139954000,0.0,AAPL
516,244,2002-03-28,21.93,25.3,21.82,23.67,0.3614,94974700,0.0,AAPL
515,243,2002-04-30,24.7,26.17,23.0,24.27,0.3705,114693500,0.0,AAPL
514,242,2002-05-31,24.29,25.98,22.14,23.3,0.3557,106717100,0.0,AAPL
513,241,2002-06-28,23.39,23.45,15.98,17.72,0.2705,155500300,0.0,AAPL
512,240,2002-07-31,17.71,18.79,13.8,15.26,0.233,144971700,0.0,AAPL
511,239,2002-08-30,15.11,16.25,13.97,14.75,0.2252,91994400,0.0,AAPL
510,238,2002-09-30,14.49,15.19,14.05,14.5,0.2214,94497100,0.0,AAPL
509,237,2002-10-31,14.59,16.44,13.36,16.07,0.2453,118061300,0.0,AAPL
508,236,2002-11-29,15.94,17.38,15.01,15.5,0.2366,80923600,0.0,AAPL
507,235,2002-12-31,15.9,16.1,13.78,14.33,0.2188,80900700,0.0,AAPL
506,234,2003-01-31,14.36,15.38,13.56,14.36,0.2192,107961300,0.0,AAPL
505,233,2003-02-28,14.41,15.3,13.8,15.01,0.2291,73469700,0.0,AAPL
504,232,2003-03-31,15.01,15.16,14.04,14.14,0.2159,71935800,0.0,AAPL
503,231,2003-04-30,14.2,14.95,12.72,14.22,0.2171,138845400,0.0,AAPL
502,230,2003-05-30,14.25,19.0,14.0,17.95,0.274,193063300,0.0,AAPL
501,229,2003-06-30,18.1,19.69,16.63,19.06,0.291,109166700,0.0,AAPL
500,228,2003-07-31,18.87,21.57,18.51,21.08,0.3218,93183400,0.0,AAPL
499,227,2003-08-29,21.0,22.85,19.42,22.61,0.3452,76920800,0.0,AAPL
498,226,2003-09-30,22.66,23.32,20.149,20.72,0.3163,95490800,0.0,AAPL
497,225,2003-10-31,20.75,25.011,20.19,22.89,0.3494,125717700,0.0,AAPL
496,224,2003-11-28,22.83,23.3,19.85,20.91,0.3192,88823300,0.0,AAPL
495,223,2003-12-31,21.04,21.9,19.25,21.37,0.3262,97390600,0.0,AAPL
494,222,2004-01-30,21.55,24.84,21.18,22.56,0.3444,141567900,0.0,AAPL
493,221,2004-02-27,22.46,24.1,21.7,23.92,0.3652,87893400,0.0,AAPL
492,220,2004-03-31,24.09,28.14,23.6,27.04,0.4128,207609200,0.0,AAPL
491,219,2004-04-30,26.9,29.58,25.49,25.78,0.3936,159467400,0.0,AAPL
490,218,2004-05-28,26.0,28.78,25.5,28.06,0.4284,94719200,0.0,AAPL
489,217,2004-06-30,27.79,34.19,27.61,32.54,0.4968,146914900,0.0,AAPL
488,216,2004-07-30,32.08,33.63,28.74,32.34,0.4937,173153200,0.0,AAPL
487,215,2004-08-31,31.18,35.18,29.7,34.49,0.5265,143060100,0.0,AAPL
486,214,2004-09-30,34.3,39.27,34.19,38.75,0.5916,137026900,0.0,AAPL
485,213,2004-10-29,39.15,53.2,37.65,52.4,0.8,287399400,0.0,AAPL
484,212,2004-11-30,52.5,69.57,52.04,67.05,1.0236,311421500,0.0,AAPL
483,211,2004-12-31,67.79,67.95,61.6,64.4,0.9832,284796700,0.0,AAPL
482,210,2005-01-31,64.78,77.89,62.6,76.9,1.174,459075800,0.0,AAPL
481,209,2005-02-28,77.05,90.88,43.96,44.86,1.3697,383016900,0.0,AAPL
480,208,2005-03-31,44.99,45.11,38.83,41.67,1.2723,524140000,0.0,AAPL
479,207,2005-04-29,42.09,44.45,34.0,36.06,1.101,691982800,0.0,AAPL
478,206,2005-05-31,36.21,40.94,33.11,39.7593,1.214,459224800,0.0,AAPL
477,205,2005-06-30,39.89,40.76,35.52,36.81,1.1239,404542700,0.0,AAPL
476,204,2005-07-29,36.83,44.38,36.29,42.65,1.3022,360508800,0.0,AAPL
475,203,2005-08-31,42.6,48.33,42.02,46.89,1.4317,335743100,0.0,AAPL
474,202,2005-09-30,47.0,54.56,46.09,53.61,1.6369,440991800,0.0,AAPL
473,201,2005-10-31,54.16,57.98,47.87,57.59,1.7584,665837400,0.0,AAPL
472,200,2005-11-30,57.24,71.07,56.87,67.82,2.0707,480586700,0.0,AAPL
471,199,2005-12-30,68.95,75.46,68.81,71.89,2.195,466577300,0.0,AAPL
470,198,2006-01-31,72.332,86.4,70.87,75.51,2.3055,781370400,0.0,AAPL
469,197,2006-02-28,75.0,76.46,62.9,68.49,2.0912,670024900,0.0,AAPL
468,196,2006-03-31,69.0,69.99,57.67,62.72,1.915,828308300,0.0,AAPL
467,195,2006-04-28,63.66,72.05,61.05,70.39,2.1492,718545800,0.0,AAPL
466,194,2006-05-31,70.78,73.8,58.69,59.77,1.8249,557456400,0.0,AAPL
465,193,2006-06-30,59.85,63.1,55.41,57.27,1.7486,640593700,0.0,AAPL
464,192,2006-07-31,57.52,68.63,50.16,67.96,2.075,624276500,0.0,AAPL
463,191,2006-08-31,67.22,70.0,62.58,67.85,2.0716,638844500,0.0,AAPL
462,190,2006-09-29,68.48,77.78,67.82,76.98,2.3504,632912800,0.0,AAPL
461,189,2006-10-31,75.1,82.6,72.6,81.08,2.4756,513855600,0.0,AAPL
460,188,2006-11-30,81.1,93.159,77.79,91.66,2.7986,494103000,0.0,AAPL
459,187,2006-12-29,91.8,92.33,76.77,84.84,2.5904,603242600,0.0,AAPL
458,186,2007-01-31,86.29,97.8,81.9,85.73,2.6176,971777900,0.0,AAPL
457,185,2007-02-28,86.23,90.81,82.86,84.61,2.5834,490084100,0.0,AAPL
456,184,2007-03-30,84.03,96.83,83.75,92.91,2.8368,568523000,0.0,AAPL
455,183,2007-04-30,94.14,102.5,89.6,99.8,3.0472,480705000,0.0,AAPL
454,182,2007-05-31,99.59,122.17,98.55,121.191,3.7003,620181000,0.0,AAPL
453,181,2007-06-29,121.1,127.61,115.4,122.04,3.7262,831412200,0.0,AAPL
452,180,2007-07-31,121.05,148.92,119.3,131.76,4.023,857806200,0.0,AAPL
451,179,2007-08-31,133.64,139.65,111.62,138.48,4.2282,870028500,0.0,AAPL
450,178,2007-09-28,139.94,155.0,130.0,153.47,4.6859,747543700,0.0,AAPL
449,177,2007-10-31,154.63,190.12,152.93,189.95,5.7997,831349700,0.0,AAPL
448,176,2007-11-30,188.6,192.68,150.63,182.22,5.5637,935706800,0.0,AAPL
447,175,2007-12-31,181.86,202.96,176.99,198.08,6.0479,616167100,0.0,AAPL
446,174,2008-01-31,199.27,200.26,126.14,135.36,4.1329,1256210300,0.0,AAPL
445,173,2008-02-29,136.24,136.59,115.44,125.02,3.8172,888069800,0.0,AAPL
444,172,2008-03-31,124.44,145.74,118.0,143.5,4.3815,818831200,0.0,AAPL
443,171,2008-04-30,146.3,180.0,143.61,173.95,5.3112,813820800,0.0,AAPL
442,170,2008-05-30,175.01,192.24,172.0,188.75,5.7631,663864800,0.0,AAPL
441,169,2008-06-30,188.5,189.95,164.15,167.44,5.1124,695564100,0.0,AAPL
440,168,2008-07-31,164.05,180.91,146.53,158.95,4.8532,705348600,0.0,AAPL
439,167,2008-08-29,159.94,180.45,152.91,169.53,5.1762,467348400,0.0,AAPL
438,166,2008-09-30,172.4,173.5,100.59,113.66,3.4704,859555800,0.0,AAPL
437,165,2008-10-31,111.92,116.4,85.0,107.59,3.285,1479525400,0.0,AAPL
436,164,2008-11-28,105.93,111.79,79.14,92.67,2.8295,843552200,0.0,AAPL
435,163,2008-12-31,91.3,103.6,84.55,85.35,2.606,721923100,0.0,AAPL
434,162,2009-01-30,85.88,97.17,78.2,90.13,2.7519,646633600,0.0,AAPL
433,161,2009-02-27,89.1,103.0,86.51,89.31,2.7269,495266100,0.0,AAPL
432,160,2009-03-31,89.31,109.98,82.33,105.12,3.2096,550878500,0.0,AAPL
431,159,2009-04-30,104.09,127.2,103.89,125.83,3.8419,422202900,0.0,AAPL
430,158,2009-05-29,125.8,135.9,119.38,135.81,4.1467,337755100,0.0,AAPL
429,157,2009-06-30,136.47,146.4,132.88,142.43,4.3488,452699000,0.0,AAPL
428,156,2009-07-31,143.5,165.0,134.42,163.39,4.9888,390790600,0.0,AAPL
427,155,2009-08-31,165.21,172.49,159.42,168.21,5.1359,291611600,0.0,AAPL
426,154,2009-09-30,167.99,188.9,164.11,185.35,5.6593,356761400,0.0,AAPL
425,153,2009-10-30,185.35,208.7099,180.7,188.5,5.7554,462720600,0.0,AAPL
424,152,2009-11-30,189.8,208.0,185.57,199.91,6.1038,301956600,0.0,AAPL
423,151,2009-12-31,202.24,213.95,188.68,210.732,6.4342,406927100,0.0,AAPL
422,150,2010-01-29,213.43,215.59,190.25,192.063,5.8642,541749800,0.0,AAPL
421,149,2010-02-26,192.37,205.17,190.85,204.62,6.2476,384860000,0.0,AAPL
420,148,2010-03-31,205.75,237.48,205.45,235.0,7.1752,434077600,0.0,AAPL
419,147,2010-04-30,237.49,272.46,232.75,261.09,7.9718,441683200,0.0,AAPL
418,146,2010-05-28,263.84,267.88,199.25,256.88,7.8433,645809100,0.0,AAPL
417,145,2010-06-30,259.69,279.01,242.2,251.53,7.6799,594687600,0.0,AAPL
416,144,2010-07-30,254.3,265.99,239.6,257.25,7.8546,559632300,0.0,AAPL
415,143,2010-08-31,260.44,264.28,235.56,243.1,7.4225,342468600,0.0,AAPL
414,142,2010-09-30,247.47,294.73,246.28,283.75,8.6637,423211400,0.0,AAPL
413,141,2010-10-29,283.75,319.0,277.77,300.98,9.1898,436949200,0.0,AAPL
412,140,2010-11-30,302.22,321.3,297.76,311.15,9.5003,339574500,0.0,AAPL
411,139,2010-12-31,315.27,326.66,314.89,322.56,9.8487,249044100,0.0,AAPL
410,138,2011-01-31,325.64,348.6,324.8365,339.32,10.3604,387197700,0.0,AAPL
409,137,2011-02-28,341.3,364.9,337.72,353.21,10.7845,331998200,0.0,AAPL
408,136,2011-03-31,355.47,361.67,326.26,348.5075,10.6409,403802100,0.0,AAPL
407,135,2011-04-29,351.11,355.13,320.16,350.13,10.6904,330493900,0.0,AAPL
406,134,2011-05-31,349.74,351.83,329.42,347.83,10.6202,246859300,0.0,AAPL
405,133,2011-06-30,348.87,352.132,310.5,335.67,10.2489,330851800,0.0,AAPL
404,132,2011-07-29,335.95,404.5,334.2,390.48,11.9224,380498100,0.0,AAPL
403,131,2011-08-31,397.78,399.5,353.02,384.83,11.7499,576521400,0.0,AAPL
402,130,2011-09-30,385.82,422.86,366.48,381.32,11.6428,427766000,0.0,AAPL
401,129,2011-10-31,380.37,426.7,354.24,404.78,12.3591,469336700,0.0,AAPL
400,128,2011-11-30,397.41,408.0,363.32,382.2,11.6696,320132200,0.0,AAPL
399,127,2011-12-30,382.54,409.09,377.68,405.0,12.3658,225233300,0.0,AAPL
398,126,2012-01-31,409.4,458.24,409.0,456.48,13.9376,244994800,0.0,AAPL
397,125,2012-02-29,458.41,547.61,453.98,542.44,16.5622,406019800,0.0,AAPL
396,124,2012-03-30,548.17,621.45,516.221,599.55,18.3059,556583500,0.0,AAPL
395,123,2012-04-30,601.83,644.0,555.0,583.98,17.8305,557106800,0.0,AAPL
394,122,2012-05-31,584.9,596.76,522.18,577.73,17.6397,396655200,0.0,AAPL
393,121,2012-06-29,569.16,590.0,548.5,584.0,17.8311,280565200,0.0,AAPL
392,120,2012-07-31,584.73,619.87,570.0,610.76,18.6482,318201800,0.0,AAPL
391,119,2012-08-31,615.905,680.87,600.25,665.24,20.3983,295578800,2.65,AAPL
390,118,2012-09-28,665.76,705.07,656.0,667.105,20.4555,328535900,0.0,AAPL
389,117,2012-10-31,671.5,676.75,587.7,595.32,18.2544,433672500,0.0,AAPL
388,116,2012-11-30,598.22,603.0,505.7501,585.28,18.0317,461780400,2.65,AAPL
387,115,2012-12-31,593.65,594.59,501.23,532.1729,16.3956,433312600,0.0,AAPL
386,114,2013-01-31,553.82,555.0,435.0,455.49,14.0331,468693700,0.0,AAPL
385,113,2013-02-28,459.11,484.94,437.66,441.4,13.676,333715500,2.65,AAPL
384,112,2013-03-28,438.0,469.95,419.0,442.66,13.715,327745600,0.0,AAPL
383,111,2013-04-30,441.9,445.25,385.1,442.78,13.7187,391553200,0.0,AAPL
382,110,2013-05-31,444.46,465.75,418.9,449.735,14.0272,337411800,3.05,AAPL
381,109,2013-06-28,450.73,454.43,388.87,396.53,12.3678,250662000,0.0,AAPL
380,108,2013-07-31,402.69,457.3425,401.22,452.53,14.1144,233504100,0.0,AAPL
379,107,2013-08-30,455.7527,513.74,453.26,487.216,15.2968,287797800,3.05,AAPL
378,106,2013-09-30,493.1,507.92,447.22,476.75,14.9682,308247900,0.0,AAPL
377,105,2013-10-31,478.45,539.25,478.28,522.702,16.4109,279919000,0.0,AAPL
376,104,2013-11-29,524.02,558.33,512.38,556.07,17.5608,186612700,3.05,AAPL
375,103,2013-12-31,558.0,575.1358,538.8,561.02,17.7171,252049900,0.0,AAPL
374,102,2014-01-31,555.68,560.2,493.55,500.6,15.809,313069800,0.0,AAPL
373,101,2014-02-28,502.61,551.19,499.3,526.24,16.7177,210013100,3.05,AAPL
372,100,2014-03-31,523.42,549.0,522.81,536.74,17.0512,178632100,0.0,AAPL
371,99,2014-04-30,537.76,599.43,511.33,590.09,18.7461,229823600,0.0,AAPL
370,98,2014-05-30,592.0,644.17,580.33,633.0,20.2217,204845300,3.29,AAPL
369,97,2014-06-30,633.96,651.26,89.65,92.93,20.7811,853194497,0.0,AAPL
368,96,2014-07-31,93.52,99.44,92.57,95.6,21.3782,1035191700,0.0,AAPL
367,95,2014-08-29,94.9,102.9,93.28,102.5,23.0352,930931500,0.47,AAPL
366,94,2014-09-30,103.06,103.74,96.14,100.75,22.6419,1523782675,0.0,AAPL
365,93,2014-10-31,100.59,108.04,95.18,108.0,24.2712,1360280122,0.0,AAPL
364,92,2014-11-28,108.22,119.75,107.72,118.93,26.8432,820471729,0.47,AAPL
363,91,2014-12-31,118.81,119.25,106.26,110.38,24.9134,1073775862,0.0,AAPL
362,90,2015-01-30,111.39,120.0,104.63,117.16,26.4437,1304879185,0.0,AAPL
361,89,2015-02-27,118.05,133.6,116.08,128.46,29.1077,1136535493,0.47,AAPL
360,88,2015-03-31,129.25,130.28,121.63,124.43,28.1946,1138641910,0.0,AAPL
359,87,2015-04-30,124.82,134.54,123.1,125.15,28.3577,996135511,0.0,AAPL
358,86,2015-05-29,126.1,132.97,123.36,130.28,29.6427,954152126,0.52,AAPL
357,85,2015-06-30,131.2,131.39,124.48,125.425,28.538,878606841,0.0,AAPL
356,84,2015-07-31,126.9,132.97,119.22,121.3,27.5995,1058280697,0.0,AAPL
355,83,2015-08-31,121.5,122.57,92.0,112.76,25.7722,1606359115,0.52,AAPL
354,82,2015-09-30,110.18,116.89,107.36,109.95,25.13,1203789074,0.0,AAPL
353,81,2015-10-30,109.07,121.22,107.31,119.5,27.3127,1113703829,0.0,AAPL
352,80,2015-11-30,119.87,123.82,111.0,118.3,27.1547,750606735,0.52,AAPL
351,79,2015-12-31,118.75,119.86,104.82,105.26,24.1615,922626259,0.0,AAPL
350,78,2016-01-29,102.61,105.85,92.39,97.34,22.3435,1271848087,0.0,AAPL
349,77,2016-02-29,96.47,98.89,92.59,96.69,22.3138,810862547,0.52,AAPL
348,76,2016-03-31,97.65,110.42,97.42,108.99,25.1524,745756771,0.0,AAPL
347,75,2016-04-29,108.78,112.39,92.51,93.74,21.633,872383623,0.0,AAPL
346,74,2016-05-31,93.965,100.73,89.47,99.86,23.1863,901144768,0.57,AAPL
345,73,2016-06-30,99.02,101.89,91.5,95.6,22.1971,780630235,0.0,AAPL
344,72,2016-07-29,95.49,104.55,94.37,104.21,24.1963,685779613,0.0,AAPL
343,71,2016-08-31,104.41,110.23,104.0,106.1,24.7677,630128567,0.57,AAPL
342,70,2016-09-30,106.14,116.18,102.53,113.05,26.3901,970096738,0.0,AAPL
341,69,2016-10-31,112.71,118.69,112.28,113.54,26.5045,686914224,0.0,AAPL
340,68,2016-11-30,113.46,113.77,104.08,110.52,25.9334,721554967,0.57,AAPL
339,67,2016-12-30,110.365,118.0166,108.25,115.82,27.1771,608771645,0.0,AAPL
338,66,2017-01-31,115.8,122.44,114.76,121.35,28.4747,563331160,0.0,AAPL
337,65,2017-02-28,127.03,137.48,127.01,136.99,32.283,574968547,0.57,AAPL
336,64,2017-03-31,137.89,144.5,137.05,143.66,33.8548,562091214,0.0,AAPL
335,63,2017-04-28,143.71,145.46,140.06,143.65,33.8524,371280180,0.0,AAPL
334,62,2017-05-31,145.1,156.65,144.27,152.76,36.1466,635292989,0.63,AAPL
333,61,2017-06-30,153.17,155.98,142.2,144.02,34.0785,664986406,0.0,AAPL
332,60,2017-07-31,144.88,153.99,142.41,148.73,35.193,411377229,0.0,AAPL
331,59,2017-08-31,149.1,164.52,148.41,164.0,38.9637,638221161,0.63,AAPL
330,58,2017-09-29,164.8,164.94,149.16,154.12,36.6163,669594016,0.0,AAPL
329,57,2017-10-31,154.26,169.6499,152.46,169.04,40.1611,496135305,0.0,AAPL
328,56,2017-11-30,169.87,176.24,165.28,171.85,40.976,581374608,0.63,AAPL
327,55,2017-12-29,169.95,177.2,166.46,169.23,40.3512,518560008,0.0,AAPL
326,54,2018-01-31,170.16,180.1,164.7,167.43,39.9221,639245534,0.0,AAPL
325,53,2018-02-28,167.17,180.62,150.24,178.12,42.642,888378184,0.63,AAPL
324,52,2018-03-29,178.54,183.5,164.94,167.78,40.1666,701387082,0.0,AAPL
323,51,2018-04-30,166.64,178.94,160.63,165.26,39.5634,666360147,0.0,AAPL
322,50,2018-05-31,166.41,190.37,165.27,186.87,44.91,620976206,0.73,AAPL
321,49,2018-06-29,187.99,194.2,180.73,185.11,44.487,527624365,0.0,AAPL
320,48,2018-07-31,183.82,195.96,183.42,190.29,45.7319,393843881,0.0,AAPL
319,47,2018-08-31,199.13,228.87,197.31,227.63,54.8981,700318837,0.73,AAPL
318,46,2018-09-28,228.41,229.67,215.3,225.74,54.4423,678972040,0.0,AAPL
317,45,2018-10-31,227.95,233.47,206.09,218.86,52.7831,789748068,0.0,AAPL
316,44,2018-11-30,219.05,222.36,170.26,178.58,43.2194,961321947,0.73,AAPL
315,43,2018-12-31,184.46,184.94,146.59,157.74,38.1758,898917007,0.0,AAPL
314,42,2019-01-31,154.89,169.0,142.0,166.44,40.2813,828099179,0.0,AAPL
313,41,2019-02-28,166.96,175.87,165.93,173.15,42.0848,472540723,0.73,AAPL
312,40,2019-03-29,174.28,197.69,169.5,189.95,46.1681,650981384,0.0,AAPL
311,39,2019-04-30,191.64,208.48,188.38,200.67,48.7736,506117812,0.0,AAPL
310,38,2019-05-31,209.88,215.31,174.99,175.07,42.7176,739456573,0.77,AAPL
309,37,2019-06-28,175.6,201.57,170.27,197.92,48.2931,515218768,0.0,AAPL
308,36,2019-07-31,203.17,221.37,198.41,213.04,51.9824,473957094,0.0,AAPL
307,35,2019-08-30,213.9,218.03,192.58,208.74,51.1283,683515746,0.77,AAPL
306,34,2019-09-30,206.43,226.42,204.22,223.97,54.8587,547408488,0.0,AAPL
305,33,2019-10-31,225.07,249.75,215.13,248.76,60.9307,621478768,0.0,AAPL
304,32,2019-11-29,249.54,268.0,249.16,267.25,65.6539,448922253,0.77,AAPL
303,31,2019-12-31,267.27,293.97,256.29,293.65,72.1395,598871365,0.0,AAPL
302,30,2020-01-31,296.24,327.85,292.75,309.51,76.0357,734044103,0.0,AAPL
301,29,2020-02-28,304.3,327.22,256.37,273.36,67.3165,755223231,0.77,AAPL
300,28,2020-03-31,282.28,304.0,212.61,254.29,62.6204,1570331732,0.0,AAPL
299,27,2020-04-30,246.5,294.53,236.9,293.8,72.35,816530808,0.0,AAPL
298,26,2020-05-29,286.25,324.24,285.85,317.94,78.5016,701660022,0.82,AAPL
297,25,2020-06-30,317.75,372.38,317.21,364.8,90.0717,810900890,0.0,AAPL
296,24,2020-07-31,365.12,425.66,356.58,425.04,104.9454,755162226,0.0,AAPL
295,23,2020-08-31,432.8,515.14,126.0,129.04,127.6787,1184207050,0.82,AAPL
294,22,2020-09-30,132.76,137.98,103.1,115.81,114.5882,3886793083,0.0,AAPL
293,21,2020-10-30,117.64,125.39,107.72,108.86,107.7115,2895317580,0.0,AAPL
292,20,2020-11-30,109.11,121.99,107.32,119.05,117.9975,2122724412,0.205,AAPL
291,19,2020-12-31,121.01,138.789,120.01,132.69,131.5169,2319687808,0.0,AAPL
290,18,2021-01-29,133.52,145.09,126.382,131.96,130.7934,2239366098,0.0,AAPL
289,17,2021-02-26,133.75,137.877,118.39,121.26,120.3681,1825486961,0.205,AAPL
288,16,2021-03-31,123.75,128.72,116.21,122.15,121.2516,2650845211,0.0,AAPL
287,15,2021-04-30,123.66,137.07,122.49,131.46,130.4931,1889956694,0.0,AAPL
286,14,2021-05-28,132.04,134.07,122.25,124.61,123.9025,1711935110,0.22,AAPL
285,13,2021-06-30,125.08,137.41,123.13,136.96,136.1823,1606114354,0.0,AAPL
284,12,2021-07-30,136.6,150.0,135.76,145.86,145.0318,1916751489,0.0,AAPL
283,11,2021-08-31,146.36,153.49,144.5,151.83,151.1952,1462773381,0.22,AAPL
282,10,2021-09-30,152.83,157.26,141.27,141.5,140.9084,1797948421,0.0,AAPL
281,9,2021-10-29,141.9,153.165,138.27,149.8,149.1737,1565079040,0.0,AAPL
280,8,2021-11-30,148.985,165.7,147.48,165.3,164.8482,1688864233,0.22,AAPL
279,7,2021-12-31,167.48,182.13,157.8,177.57,177.0847,2443227128,0.0,AAPL
278,6,2022-01-31,177.83,182.94,154.7,174.78,174.3023,2106513962,0.0,AAPL
277,5,2022-02-28,174.01,176.65,152.0,165.12,164.8789,1628570227,0.22,AAPL
276,4,2022-03-31,164.695,179.61,150.1,174.61,174.355,2171827429,0.0,AAPL
275,3,2022-04-29,174.03,178.49,155.38,157.65,157.4198,1683547838,0.0,AAPL
274,2,2022-05-31,156.71,166.48,132.61,148.84,148.84,2400305601,0.23,AAPL
273,1,2022-06-30,149.9,151.74,129.04,136.72,136.72,1749297959,0.0,AAPL
272,0,2022-07-19,136.04,151.57,135.66,151.0,151.0,879887136,0.0,AAPL
271,271,1999-12-31,21.56,21.88,20.0,20.63,2.8429,1125300,0.18,O
270,270,2000-01-31,20.88,22.0,20.19,21.25,2.9526,958800,0.18,O
269,269,2000-02-29,21.25,21.94,20.63,20.81,2.9165,830300,0.18,O
268,268,2000-03-31,20.69,21.25,19.25,19.25,2.722,1157400,0.181,O
267,267,2000-04-28,19.5,21.81,19.38,21.81,3.11,990000,0.181,O
266,266,2000-05-31,21.88,24.25,21.31,23.63,3.3953,978700,0.181,O
265,265,2000-06-30,23.75,24.63,23.06,23.58,3.4134,848900,0.181,O
264,264,2000-07-31,23.5,24.63,23.5,24.25,3.5371,596800,0.183,O
263,263,2000-08-31,24.25,24.5,22.19,22.63,3.3276,797500,0.1825,O
262,262,2000-09-29,22.88,23.63,22.13,23.31,3.4547,833600,0.1837,O
261,261,2000-10-31,23.31,23.38,22.5,23.0,3.4357,763700,0.1837,O
260,260,2000-11-30,23.13,24.5,22.88,24.0,3.6123,526500,0.1837,O
259,259,2000-12-29,24.13,25.5,23.75,24.88,3.769,701600,0.165,O
258,258,2001-01-31,24.94,26.44,24.31,26.01,3.9681,679900,0.185,O
257,257,2001-02-28,26.11,26.75,24.75,25.2,3.8728,682700,0.185,O
256,256,2001-03-30,25.35,26.5,24.3,26.5,4.1016,866100,0.1862,O
255,255,2001-04-30,26.4,28.71,26.1,28.61,4.4572,851200,0.1862,O
254,254,2001-05-31,28.75,28.75,26.8,26.8,4.2041,2764400,0.1862,O
253,253,2001-06-29,26.9,29.56,26.6,29.56,4.6676,1953400,0.1875,O
252,252,2001-07-31,29.4,29.95,27.9,28.67,4.5563,1224000,0.1875,O
251,251,2001-08-31,28.55,29.85,28.35,28.7,4.5909,1469500,0.1875,O
250,250,2001-09-28,28.85,29.23,26.45,29.0,4.6696,1061800,0.1888,O
249,249,2001-10-31,29.0,29.94,27.9,28.6,4.636,2704000,0.1888,O
248,248,2001-11-30,28.45,29.2,28.2,28.95,4.7233,2055800,0.1888,O
247,247,2001-12-31,28.8,30.16,28.2,29.4,4.8274,1582600,0.19,O
246,246,2002-01-31,29.5,31.85,29.05,30.95,5.1127,1721400,0.19,O
245,245,2002-02-28,31.07,31.98,30.47,30.9,5.1351,1618900,0.19,O
244,244,2002-03-28,30.95,33.21,30.85,33.2,5.5493,1293200,0.1913,O
243,243,2002-04-30,33.8,34.74,32.1,33.75,5.6741,1883100,0.1913,O
242,242,2002-05-31,33.9,34.75,32.88,34.3,5.7985,1440900,0.1913,O
241,241,2002-06-28,34.4,36.99,33.5,36.92,6.2743,1664000,0.1925,O
240,240,2002-07-31,37.1,37.1,26.9,33.8,5.7773,4820000,0.1925,O
239,239,2002-08-30,33.55,34.25,31.88,33.8,5.81,1903800,0.1925,O
238,238,2002-09-30,33.8,35.2,33.1,34.15,5.9034,1552700,0.1938,O
237,237,2002-10-31,34.25,34.32,30.6,33.45,5.8164,2004000,0.1938,O
236,236,2002-11-29,33.6,35.34,33.17,34.95,6.1108,1318400,0.1938,O
235,235,2002-12-31,35.05,36.15,34.92,35.0,6.1532,1447100,0.195,O
234,234,2003-01-31,35.0,35.74,32.87,33.88,5.9906,2324000,0.195,O
233,233,2003-02-28,33.75,34.98,33.06,34.66,6.1629,1506400,0.195,O
232,232,2003-03-31,34.8,36.95,33.72,35.75,6.3916,1793800,0.1963,O
231,231,2003-04-30,35.85,38.75,35.62,37.6,6.7574,1761700,0.1963,O
230,230,2003-05-30,37.8,38.95,35.75,37.65,6.802,3035100,0.1963,O
229,229,2003-06-30,37.8,39.4,37.14,38.08,6.9147,3042500,0.1975,O
228,228,2003-07-31,38.13,40.8,38.13,39.65,7.2346,2275600,0.1975,O
227,227,2003-08-29,39.74,40.02,37.31,39.48,7.2397,1944800,0.1975,O
226,226,2003-09-30,39.6,40.75,38.94,39.65,7.3074,1475500,0.1988,O
225,225,2003-10-31,39.6,41.41,39.16,39.4,7.2978,2822700,0.1988,O
224,224,2003-11-28,39.4,40.61,39.25,40.2,7.4829,2006300,0.1988,O
223,223,2003-12-31,40.39,40.6,39.52,40.0,7.4826,1571400,0.2,O
222,222,2004-01-30,40.12,41.38,39.4,41.29,7.7616,1947300,0.2,O
221,221,2004-02-27,41.48,43.5,40.95,43.3,8.177,1573600,0.2,O
220,220,2004-03-31,43.15,47.75,43.07,44.65,8.4703,2456600,0.2013,O
219,219,2004-04-30,44.6,44.65,36.25,38.25,7.294,5260600,0.2013,O
218,218,2004-05-28,38.0,40.2,35.37,39.95,7.6568,3330600,0.2013,O
217,217,2004-06-30,39.9,43.26,39.23,41.73,8.0374,4103200,0.2025,O
216,216,2004-07-30,41.73,43.0,39.37,40.52,7.8439,2917200,0.2025,O
215,215,2004-08-31,40.4,44.21,39.9,44.11,8.5811,2527000,0.2175,O
214,214,2004-09-30,44.09,45.4,43.31,45.03,8.8027,2512700,0.2188,O
213,213,2004-10-29,44.95,48.9,44.95,47.99,9.4235,2404200,0.2188,O
212,212,2004-11-30,48.14,50.53,47.43,49.83,9.8278,2893200,0.2188,O
211,211,2004-12-31,50.05,52.15,49.4,50.58,9.9974,2869400,0.11,O
210,210,2005-01-31,25.26,25.61,22.0,23.31,9.2585,7063600,0.11,O
209,209,2005-02-28,23.34,25.12,23.11,23.52,9.3847,6009800,0.11,O
208,208,2005-03-31,23.51,24.84,22.0,22.88,9.1732,7005200,0.1106,O
207,207,2005-04-29,23.03,24.35,22.48,24.11,9.7109,6060700,0.1106,O
206,206,2005-05-31,24.13,25.37,23.78,24.62,9.9608,5576400,0.1106,O
205,205,2005-06-30,24.8,25.69,24.51,25.04,10.1751,8269700,0.1113,O
204,204,2005-07-29,25.03,25.65,23.88,24.99,10.1996,5326900,0.1113,O
203,203,2005-08-31,25.0,25.28,22.0,23.83,9.7739,7606300,0.115,O
202,202,2005-09-30,23.86,24.69,23.2,23.91,9.8546,8106000,0.1156,O
201,201,2005-10-31,23.91,23.97,21.08,22.27,9.2275,6375200,0.1156,O
200,200,2005-11-30,22.07,23.29,21.59,22.64,9.4286,6123600,0.1156,O
199,199,2005-12-30,22.71,22.93,21.61,21.62,9.0518,5646100,0.1163,O
198,198,2006-01-31,21.86,23.56,21.57,23.29,9.7999,5221300,0.1163,O
197,197,2006-02-28,23.25,23.79,22.52,23.05,9.7476,4113000,0.1163,O
196,196,2006-03-31,23.17,24.93,22.77,24.21,10.288,9821500,0.1169,O
195,195,2006-04-28,23.85,24.06,21.86,22.67,9.6834,5858300,0.1169,O
194,194,2006-05-31,22.76,23.18,21.39,21.84,9.3789,6535100,0.1169,O
193,193,2006-06-30,21.9,22.89,21.25,21.9,9.4539,10101100,0.1175,O
192,192,2006-07-31,22.04,23.3,21.65,22.88,9.9271,8276500,0.1175,O
191,191,2006-08-31,22.77,24.85,22.54,24.59,10.7233,9249300,0.1253,O
190,190,2006-09-29,24.65,25.1,23.88,24.71,10.8305,11006400,0.1259,O
189,189,2006-10-31,24.7,26.69,24.4,26.4,11.6264,15609600,0.1259,O
188,188,2006-11-30,26.45,27.74,26.0,27.46,12.1493,13100800,0.1259,O
187,187,2006-12-29,27.25,28.45,27.0,27.7,12.3113,9095500,0.1265,O
186,186,2007-01-31,27.66,29.05,26.78,28.78,12.8477,7742400,0.1265,O
185,185,2007-02-28,28.81,30.36,27.22,27.51,12.3373,10656300,0.1265,O
184,184,2007-03-30,27.49,28.75,26.0,28.2,12.7041,14018700,0.1271,O
183,183,2007-04-30,28.25,29.13,27.43,27.9,12.6249,8484400,0.1271,O
182,182,2007-05-31,28.05,28.71,26.12,27.42,12.4646,13028500,0.1271,O
181,181,2007-06-29,27.78,27.84,24.53,25.19,11.5086,16724600,0.1278,O
180,180,2007-07-31,25.43,26.24,23.14,23.47,10.7809,18060900,0.1278,O
179,179,2007-08-31,23.5,28.79,22.87,27.0,12.4644,26481900,0.1355,O
178,178,2007-09-28,26.94,29.25,25.73,27.95,12.9641,11040300,0.1361,O
177,177,2007-10-31,27.95,30.14,27.05,29.54,13.7657,13445400,0.1361,O
176,176,2007-11-30,28.96,30.7,26.51,28.5,13.3442,37375000,0.1361,O
175,175,2007-12-31,28.5,29.7,26.31,27.02,12.7158,20536800,0.1368,O
174,174,2008-01-31,26.68,26.68,20.27,24.32,11.5116,48215800,0.1368,O
173,173,2008-02-29,24.47,25.31,22.26,23.01,10.9558,27761200,0.1368,O
172,172,2008-03-31,23.16,27.16,22.28,25.62,12.2641,36429500,0.1374,O
171,171,2008-04-30,25.75,28.15,24.03,26.31,12.6583,19928200,0.1374,O
170,170,2008-05-30,26.35,26.35,23.44,24.5,11.8539,19361100,0.1374,O
169,169,2008-06-30,23.89,24.73,22.67,22.76,11.0784,22897600,0.138,O
168,168,2008-07-31,22.57,26.25,21.38,25.19,12.3269,25774600,0.138,O
167,167,2008-08-29,25.14,26.14,24.5,25.68,12.6343,17106700,0.1405,O
166,166,2008-09-30,26.11,34.86,24.49,25.6,12.6668,27547400,0.1411,O
165,165,2008-10-31,26.44,26.5,18.88,23.12,11.5132,43783100,0.1411,O
164,164,2008-11-28,23.09,23.74,15.0,20.19,10.1221,44285700,0.1411,O
163,163,2008-12-31,20.0,24.65,16.02,23.15,11.6784,61559500,0.1417,O
162,162,2009-01-30,23.26,23.41,18.08,19.27,9.7916,48164400,0.1417,O
161,161,2009-02-27,19.15,20.32,16.7,17.53,8.9788,53888600,0.1417,O
160,160,2009-03-31,17.0,18.84,14.25,18.82,9.7191,78128700,0.1421,O
159,159,2009-04-30,18.35,23.24,17.86,22.33,11.6047,71257900,0.1421,O
158,158,2009-05-29,22.21,22.89,19.83,21.47,11.2314,46774400,0.1421,O
157,157,2009-06-30,21.84,23.1982,21.35,21.92,11.5423,44199500,0.1424,O
156,156,2009-07-31,21.78,23.88,19.83,23.58,12.4912,33996300,0.1424,O
155,155,2009-08-31,23.84,26.65,23.2,25.55,13.6091,30279500,0.1424,O
154,154,2009-09-30,25.3,28.23,23.85,25.65,13.7375,30410400,0.1427,O
153,153,2009-10-30,25.57,25.73,22.17,23.18,12.4906,40961000,0.1427,O
152,152,2009-11-30,23.08,25.49,22.55,25.29,13.7056,24255900,0.1427,O
151,151,2009-12-31,25.29,27.53,25.02,25.91,14.1176,19888400,0.143,O
150,150,2010-01-29,26.26,28.0975,25.96,27.93,15.2965,16367400,0.143,O
149,149,2010-02-26,27.99,28.88,25.28,28.0,15.4123,18491900,0.143,O
148,148,2010-03-31,28.06,31.19,27.62,30.69,16.9718,17850200,0.1433,O
147,147,2010-04-30,30.9,34.536,30.18,32.79,18.2087,15287800,0.1433,O
146,146,2010-05-28,32.44,33.14,28.42,31.14,17.37,18527900,0.1433,O
145,145,2010-06-30,31.01,33.15,29.2,30.33,16.9974,14701300,0.1436,O
144,144,2010-07-30,30.27,33.17,29.12,32.09,18.065,13459300,0.1436,O
143,143,2010-08-31,32.62,33.23,31.55,32.59,18.4282,12902400,0.1436,O
142,142,2010-09-30,32.9,34.79,32.69,33.72,19.1484,21290900,0.1439,O
141,141,2010-10-29,33.9,35.97,33.6,34.28,19.5478,14487500,0.1439,O
140,140,2010-11-30,34.5,35.47,32.91,34.05,19.4981,14127000,0.1439,O
139,139,2010-12-31,34.35,34.77,33.1,34.2,19.6661,26314200,0.1442,O
138,138,2011-01-31,34.41,35.2,33.4,34.96,20.1871,12405100,0.1442,O
137,137,2011-02-28,35.11,36.12,34.44,35.97,20.8544,11067500,0.1442,O
136,136,2011-03-31,35.97,36.0,33.81,34.95,20.3471,27737000,0.1446,O
135,135,2011-04-29,35.0,36.35,34.4,35.55,20.7794,13415500,0.1446,O
134,134,2011-05-31,35.77,35.96,34.45,35.14,20.6247,12585100,0.1446,O
133,133,2011-06-30,35.0,35.24,32.19,33.49,19.7408,17907000,0.1449,O
132,132,2011-07-29,33.57,35.03,32.19,32.46,19.2185,11471200,0.1449,O
131,131,2011-08-31,33.79,34.91,27.93,34.68,20.5329,29988900,0.0,O
130,130,2011-09-30,34.56,34.95,32.23,32.24,19.2529,28801400,0.2901,O
129,129,2011-10-31,31.95,34.1,29.78,33.41,20.0369,26190800,0.1452,O
128,128,2011-11-30,32.89,34.03,32.38,33.86,20.396,18172300,0.1452,O
127,127,2011-12-30,33.65,35.76,33.1,34.96,21.146,16865400,0.1455,O
126,126,2012-01-31,35.46,36.67,34.3,36.4,22.1052,15697500,0.1455,O
125,125,2012-02-29,36.55,37.64,36.25,36.89,22.4919,12446700,0.1455,O
124,124,2012-03-30,36.91,39.03,36.6199,38.73,23.7028,12981400,0.1458,O
123,123,2012-04-30,38.73,39.59,36.87,39.34,24.1655,13056462,0.1458,O
122,122,2012-05-31,39.39,39.86,37.68,38.33,23.6354,13971400,0.1458,O
121,121,2012-06-29,37.83,41.89,37.571,41.77,25.8478,15713600,0.1461,O
120,120,2012-07-31,41.87,42.6,40.49,41.2,25.5855,13663200,0.1461,O
119,119,2012-08-31,41.41,42.96,40.26,42.13,26.2566,21065200,0.1511,O
118,118,2012-09-28,42.05,44.22,40.35,40.89,25.5785,27124400,0.1514,O
117,117,2012-10-31,41.07,41.7,38.81,39.27,24.6599,16764000,0.1514,O
116,116,2012-11-30,39.16,40.68,37.33,40.68,25.6436,22207800,0.1514,O
115,115,2012-12-31,40.57,41.09,40.0,40.21,25.4432,15640600,0.1517,O
114,114,2013-01-31,40.85,44.35,40.47,43.68,27.7537,46540700,0.1809,O
113,113,2013-02-28,43.73,45.86,43.17,45.65,29.121,24445600,0.1809,O
112,112,2013-03-28,45.49,46.65,43.66,45.35,29.0461,52603300,0.1812,O
111,111,2013-04-30,45.3,50.97,44.901,50.97,32.7632,32324500,0.1812,O
110,110,2013-05-31,50.88,55.48,45.45,45.45,29.3285,40004600,0.1812,O
109,109,2013-06-28,45.38,45.89,39.83,41.92,27.1667,55051700,0.1815,O
108,108,2013-07-31,42.13,46.05,41.66,43.41,28.2479,43666600,0.1815,O
107,107,2013-08-30,43.82,44.02,39.21,39.5,25.8209,37258200,0.1815,O
106,106,2013-09-30,39.99,41.53,38.39,39.75,26.1017,39787700,0.1819,O
105,105,2013-10-31,39.84,43.21,39.1,41.65,27.466,54680600,0.1819,O
104,104,2013-11-29,41.71,42.14,37.87,38.11,25.2508,41506700,0.1819,O
103,103,2013-12-31,38.1,39.88,36.58,37.33,24.8541,48857300,0.1822,O
102,102,2014-01-31,37.38,41.0,37.005,40.78,27.2725,39195500,0.1822,O
101,101,2014-02-28,40.8,45.11,39.26,44.42,29.8286,42194900,0.1822,O
100,100,2014-03-31,44.28,44.58,39.62,40.86,27.5609,63825000,0.1825,O
99,99,2014-04-30,40.92,43.7,40.21,43.45,29.4311,45384400,0.1825,O
98,98,2014-05-30,43.61,44.48,42.54,43.3,29.453,40375200,0.1825,O
97,97,2014-06-30,43.29,44.98,42.98,44.42,30.3397,35174200,0.1828,O
96,96,2014-07-31,44.49,45.84,43.02,43.05,29.5277,34634700,0.1828,O
95,95,2014-08-29,42.98,45.63,42.74,44.72,30.7989,25177592,0.1828,O
94,94,2014-09-30,44.69,45.36,40.56,40.79,28.2174,40559523,0.1831,O
93,93,2014-10-31,40.79,46.755,40.71,46.03,31.9677,54247258,0.1831,O
92,92,2014-11-28,46.15,47.88,45.47,46.46,32.3935,31419915,0.1831,O
91,91,2014-12-31,46.46,49.68,44.91,47.71,33.3898,38554847,0.1834,O
90,90,2015-01-30,47.98,55.5399,47.95,54.31,38.1391,59904959,0.189,O
89,89,2015-02-27,54.2,54.27,49.2639,50.06,35.2879,43051791,0.189,O
88,88,2015-03-31,50.22,54.08,48.25,51.6,36.507,37938445,0.1895,O
87,87,2015-04-30,51.62,52.66,46.29,46.97,33.363,77414693,0.1895,O
86,86,2015-05-29,46.88,48.11,45.47,45.57,32.5018,34061847,0.1895,O
85,85,2015-06-30,45.71,47.05,44.23,44.39,31.7957,41996704,0.19,O
84,84,2015-07-31,44.47,48.46,44.2,48.29,34.7273,35599760,0.19,O
83,83,2015-08-31,48.28,48.88,44.45,44.69,32.2713,38167155,0.19,O
82,82,2015-09-30,44.31,48.303,43.15,47.39,34.3594,37851409,0.1905,O
81,81,2015-10-30,47.62,50.98,45.65,49.46,35.9977,59140377,0.1905,O
80,80,2015-11-30,49.4,50.6,45.98,49.62,36.2517,44678051,0.1905,O
79,79,2015-12-31,49.99,52.41,48.37,51.63,37.8589,44552326,0.191,O
78,78,2016-01-29,51.14,55.88,50.47,55.79,41.0573,47041965,0.1985,O
77,77,2016-02-29,55.56,61.34,54.82,58.54,43.227,60599089,0.1985,O
76,76,2016-03-31,58.92,62.89,57.48,62.51,46.3062,38602833,0.199,O
75,75,2016-04-29,62.18,63.92,58.44,59.2,44.0009,34748458,0.199,O
74,74,2016-05-31,59.39,64.55,58.3,60.09,44.8108,45515732,0.199,O
73,73,2016-06-30,59.94,69.36,59.92,69.36,51.8744,40080718,0.1995,O
72,72,2016-07-29,69.5,71.96,68.25,71.47,53.6034,35247442,0.1995,O
71,71,2016-08-31,71.49,72.295,64.95,65.73,49.4501,31773075,0.2015,O
70,70,2016-09-30,65.6,69.14,63.33,66.93,50.5034,32732182,0.202,O
69,69,2016-10-31,66.68,66.75,57.08,59.24,44.855,31377395,0.202,O
68,68,2016-11-30,59.07,59.14,52.72,55.44,42.1272,43321928,0.202,O
67,67,2016-12-30,55.01,57.81,53.31,57.48,43.8335,39800245,0.2025,O
66,66,2017-01-31,57.74,60.59,56.91,59.63,45.6345,37771898,0.2105,O
65,65,2017-02-28,59.43,63.6,58.05,61.28,47.0536,39476922,0.2105,O
64,64,2017-03-31,61.06,61.27,56.9521,59.53,45.8735,48796151,0.211,O
63,63,2017-04-28,59.3,62.31,58.29,58.35,45.1238,27219650,0.211,O
62,62,2017-05-31,58.5,59.39,52.85,54.93,42.642,46542358,0.211,O
61,61,2017-06-30,54.91,57.29,54.26,55.18,42.9985,40262040,0.2115,O
60,60,2017-07-31,55.38,58.4699,53.34,57.06,44.6279,28452746,0.2115,O
59,59,2017-08-31,57.18,58.45,56.24,57.56,45.1862,31948900,0.2115,O
58,58,2017-09-29,57.52,60.05,56.75,57.19,45.0622,34358195,0.212,O
57,57,2017-10-31,57.19,57.43,53.01,53.67,42.4557,36821101,0.212,O
56,56,2017-11-30,53.76,57.23,53.39,55.3,43.9128,29210972,0.212,O
55,55,2017-12-29,55.47,58.23,54.395,57.02,45.4474,37116703,0.2125,O
54,54,2018-01-31,57.02,57.06,52.21,53.19,42.5692,40936163,0.219,O
53,53,2018-02-28,53.09,53.21,47.25,49.18,39.5352,62921094,0.219,O
52,52,2018-03-29,49.17,52.14,48.84,51.73,41.7616,38783666,0.2195,O
51,51,2018-04-30,51.62,53.18,48.8,50.51,40.9539,33099030,0.2195,O
50,50,2018-05-31,50.5,54.02,50.24,53.3,43.394,38427988,0.2195,O
49,49,2018-06-29,53.41,54.99,52.37,53.79,43.972,45326894,0.22,O
48,48,2018-07-31,53.75,56.19,52.74,55.77,45.7705,36032443,0.22,O
47,47,2018-08-31,55.33,59.24,55.01,58.57,48.249,29522461,0.22,O
46,46,2018-09-28,58.54,59.0,55.78,56.89,47.0467,34600215,0.2205,O
45,45,2018-10-31,56.6,61.99,55.55,60.27,50.0242,65337858,0.2205,O
44,44,2018-11-30,60.27,64.56,59.37,64.09,53.3779,43251776,0.2205,O
43,43,2018-12-31,64.01,66.91,59.93,63.04,52.6874,50080909,0.221,O
42,42,2019-01-31,62.61,68.91,61.59,68.69,57.598,46266073,0.2255,O
41,41,2019-02-28,68.78,70.48,66.98,69.16,58.1812,36683004,0.2255,O
40,40,2019-03-29,69.11,74.14,68.18,73.56,62.0729,40124960,0.226,O
39,39,2019-04-30,73.51,73.52,67.22,70.01,59.2679,32698111,0.226,O
38,38,2019-05-31,69.95,71.85,66.21,70.08,59.5185,57121166,0.226,O
37,37,2019-06-28,70.33,73.97,68.3,68.97,58.7682,38435143,0.2265,O
36,36,2019-07-31,69.13,71.44,67.7,69.21,59.1657,32686497,0.2265,O
35,35,2019-08-30,69.26,74.17,68.27,73.81,63.2917,30235684,0.2265,O
34,34,2019-09-30,73.75,77.51,72.39,76.68,65.9474,35090346,0.227,O
33,33,2019-10-31,76.63,82.17,75.69,81.79,70.5374,34860336,0.227,O
32,32,2019-11-29,81.7,81.96,75.63,76.63,66.283,39992864,0.227,O
31,31,2019-12-31,76.4,76.59,71.44,73.63,63.8849,41448234,0.2275,O
30,30,2020-01-31,73.85,79.15,71.93,78.41,68.234,43323029,0.2325,O
29,29,2020-02-28,78.45,84.92,69.38,72.39,63.1976,54160813,0.2325,O
28,28,2020-03-31,72.99,78.33,38.0,49.86,43.732,107256622,0.233,O
27,27,2020-04-30,47.12,60.73,43.41,54.92,48.3744,73901656,0.233,O
26,26,2020-05-29,52.85,57.49,47.68,55.31,48.9232,69944936,0.233,O
25,25,2020-06-30,55.5,65.56,55.17,59.5,52.8359,78238354,0.2335,O
24,24,2020-07-31,59.75,62.56,56.33,60.05,53.5316,40529167,0.2335,O
23,23,2020-08-31,59.49,63.88,58.88,62.03,55.5048,40027558,0.2335,O
22,22,2020-09-30,61.31,66.8,58.36,60.75,54.5689,50876709,0.234,O
21,21,2020-10-30,60.84,64.61,57.09,57.86,52.1831,44226344,0.234,O
20,20,2020-11-30,58.39,65.09,57.685,59.97,54.2971,60294812,0.234,O
19,19,2020-12-31,60.52,62.25,58.7126,62.17,56.5013,55831763,0.2345,O
18,18,2021-01-29,62.18,62.26,57.0,59.06,53.888,71317774,0.2345,O
17,17,2021-02-26,59.45,63.79,58.84,60.26,55.1969,49903612,0.2345,O
16,16,2021-03-31,61.17,64.6,58.27,63.5,58.3799,76700989,0.235,O
15,15,2021-04-30,63.93,71.84,63.64,69.15,63.7904,56602009,0.235,O
14,14,2021-05-28,69.25,69.86,64.495,68.4,63.3153,70618316,0.235,O
13,13,2021-06-30,68.72,71.3,66.63,66.74,61.9967,82615649,0.2355,O
12,12,2021-07-30,65.76,71.45,65.75,70.29,65.5132,67179253,0.2355,O
11,11,2021-08-31,70.58,72.73,69.66,72.22,67.5315,61077992,0.2355,O
10,10,2021-09-30,72.32,72.75,64.86,64.86,60.87,89941824,0.236,O
9,9,2021-10-29,65.25,74.6,64.98,71.43,67.0359,124648773,0.0,O
8,8,2021-11-30,71.0,72.91,67.89,67.92,66.2397,92829947,0.482,O
7,7,2021-12-31,68.45,72.21,65.65,71.59,70.0593,98184305,0.2465,O
6,6,2022-01-31,71.73,72.545,65.74,69.41,68.1671,73958784,0.2465,O
5,5,2022-02-28,69.03,70.02,63.9,66.09,65.1486,71047211,0.2465,O
4,4,2022-03-31,66.26,70.89,64.13,69.3,68.5564,96575454,0.247,O
3,3,2022-04-29,69.36,75.4,69.23,69.36,68.8601,63835617,0.247,O
2,2,2022-05-31,69.58,69.87,62.74,68.22,67.9735,93951445,0.247,O
1,1,2022-06-30,68.23,70.68,62.285,68.26,68.26,94287099,0.2475,O
0,0,2022-07-19,68.18,70.64,66.86,70.08,70.08,37700575,0.0,O
